<dataStore>
  <id>DataStoreInfoImpl-35120310:18bb4f14fcb:-8000</id>
  <name>states</name>
  <type>Shapefile</type>
  <enabled>true</enabled>
  <workspace>
    <id>WorkspaceInfoImpl-1c443fee:182c0f3f209:-7ffe</id>
  </workspace>
  <connectionParameters>
    <entry key="charset">ISO-8859-1</entry>
    <entry key="filetype">shapefile</entry>
    <entry key="create spatial index">true</entry>
    <entry key="memory mapped buffer">false</entry>
    <entry key="timezone">GMT</entry>
    <entry key="enable spatial index">true</entry>
    <entry key="namespace">https://www.naturalearthdata.com</entry>
    <entry key="cache and reuse memory maps">true</entry>
    <entry key="skipScan">true</entry>
    <entry key="url">file:data/shapefiles/states.shp</entry>
    <entry key="fstype">shape</entry>
  </connectionParameters>
  <__default>false</__default>
  <dateCreated>2023-11-09 16:36:35.403 UTC</dateCreated>
  <disableOnConnFailure>false</disableOnConnFailure>
</dataStore>