<layer>
  <name>view_jobs_geometry</name>
  <id>LayerInfoImpl-237bb82f:18bb4f94f6e:-7ffc</id>
  <type>VECTOR</type>
  <defaultStyle>
    <id>StyleInfoImpl-1ec8e5ee:18bb8a64342:-7ff4</id>
  </defaultStyle>
  <styles class="linked-hash-set">
    <style>
      <id>StyleInfoImpl-1ec8e5ee:18bb8a64342:-7ff4</id>
    </style>
  </styles>
  <resource class="featureType">
    <id>FeatureTypeInfoImpl-237bb82f:18bb4f94f6e:-7ffd</id>
  </resource>
  <attribution>
    <logoWidth>0</logoWidth>
    <logoHeight>0</logoHeight>
  </attribution>
  <dateCreated>2023-11-09 16:46:24.19 UTC</dateCreated>
  <dateModified>2023-11-10 10:06:37.330 UTC</dateModified>
</layer>