<layer>
  <name>DEPARTEMENT</name>
  <id>LayerInfoImpl--3b9e2074:18bb4fe7ac6:-7ffe</id>
  <type>VECTOR</type>
  <defaultStyle>
    <id>StyleInfoImpl-1ec8e5ee:18bb8a64342:-7ff4</id>
  </defaultStyle>
  <resource class="featureType">
    <id>FeatureTypeInfoImpl--3b9e2074:18bb4fe7ac6:-7fff</id>
  </resource>
  <attribution>
    <logoWidth>0</logoWidth>
    <logoHeight>0</logoHeight>
  </attribution>
  <dateCreated>2023-11-09 16:51:10.499 UTC</dateCreated>
  <dateModified>2023-11-10 10:02:55.721 UTC</dateModified>
</layer>