<layer>
  <name>emprises</name>
  <id>LayerInfoImpl--5490df3b:188765457cd:-7ff1</id>
  <type>VECTOR</type>
  <defaultStyle>
    <id>StyleInfoImpl--570ae188:124761b8d78:-7fe0</id>
  </defaultStyle>
  <resource class="featureType">
    <id>FeatureTypeInfoImpl--5490df3b:188765457cd:-7ff2</id>
  </resource>
  <attribution>
    <logoWidth>0</logoWidth>
    <logoHeight>0</logoHeight>
  </attribution>
  <dateCreated>2023-06-01 12:58:57.742 UTC</dateCreated>
  <dateModified>2023-06-02 14:40:34.268 UTC</dateModified>
</layer>