<layer>
  <name>frontieres_pays</name>
  <id>LayerInfoImpl--6c11027e:18bd28d0ce5:-7ff5</id>
  <type>VECTOR</type>
  <defaultStyle>
    <id>StyleInfoImpl-1ec8e5ee:18bb8a64342:-7ff4</id>
  </defaultStyle>
  <resource class="featureType">
    <id>FeatureTypeInfoImpl--6c11027e:18bd28d0ce5:-7ff6</id>
  </resource>
  <attribution>
    <logoWidth>0</logoWidth>
    <logoHeight>0</logoHeight>
  </attribution>
  <dateCreated>2023-11-15 15:19:13.841 UTC</dateCreated>
  <dateModified>2023-11-15 15:26:03.27 UTC</dateModified>
</layer>