<dataStore>
  <id>DataStoreInfoImpl--6c11027e:18bd28d0ce5:-7ff8</id>
  <name>frontieres_pays</name>
  <type>Shapefile</type>
  <enabled>true</enabled>
  <workspace>
    <id>WorkspaceInfoImpl-237bb82f:18bb4f94f6e:-8000</id>
  </workspace>
  <connectionParameters>
    <entry key="charset">ISO-8859-1</entry>
    <entry key="filetype">shapefile</entry>
    <entry key="create spatial index">true</entry>
    <entry key="memory mapped buffer">false</entry>
    <entry key="timezone">GMT</entry>
    <entry key="enable spatial index">true</entry>
    <entry key="namespace">gpao</entry>
    <entry key="cache and reuse memory maps">true</entry>
    <entry key="skipScan">true</entry>
    <entry key="url">file:data/shapefiles/world-administrative-boundaries/world-administrative-boundaries.shp</entry>
    <entry key="fstype">shape</entry>
  </connectionParameters>
  <__default>false</__default>
  <dateCreated>2023-11-15 15:18:37.672 UTC</dateCreated>
  <disableOnConnFailure>false</disableOnConnFailure>
</dataStore>