<dataStore>
  <id>DataStoreInfoImpl--3b9e2074:18bb4fe7ac6:-8000</id>
  <name>contours_admin</name>
  <type>Shapefile</type>
  <enabled>true</enabled>
  <workspace>
    <id>WorkspaceInfoImpl-237bb82f:18bb4f94f6e:-8000</id>
  </workspace>
  <connectionParameters>
    <entry key="charset">ISO-8859-1</entry>
    <entry key="filetype">shapefile</entry>
    <entry key="create spatial index">true</entry>
    <entry key="memory mapped buffer">false</entry>
    <entry key="timezone">GMT</entry>
    <entry key="enable spatial index">true</entry>
    <entry key="namespace">gpao</entry>
    <entry key="cache and reuse memory maps">true</entry>
    <entry key="skipScan">true</entry>
    <entry key="url">file:data/shapefiles/contours_admin_france_entiere/DEPARTEMENT.shp</entry>
    <entry key="fstype">shape</entry>
  </connectionParameters>
  <__default>false</__default>
  <dateCreated>2023-11-09 16:50:58.373 UTC</dateCreated>
  <disableOnConnFailure>false</disableOnConnFailure>
</dataStore>